Time,Ampl
-0.016000001612,3.016
-0.015999997612,3.006
-0.015999993612,8.152
155,3.02
-0.015999985612,3.006
-0.015999981612,3.01
